space,D,r,cells_two_cell,cells_mesh,dofs_mesh,jump_on_two_cell,jump_on_mesh,jump_off_two_cell,jump_off_mesh
full,2,1,2,128,416,2.8e-17,4.7e-16,1.000,1.000
full,2,2,2,128,1008,4.7e-17,8.9e-16,1.000,1.000
full,2,3,2,128,1856,6.0e-17,1.3e-15,0.750,0.750
full,3,1,2,384,1208,5.6e-17,2.8e-16,0.900,0.900
full,3,2,2,384,4404,1.1e-16,4.4e-16,0.600,0.600
trimmed,2,1,2,128,208,2.8e-17,8.9e-16,2.000,2.000
trimmed,2,2,2,128,672,1.1e-16,1.2e-15,1.000,1.000
trimmed,2,3,2,128,1392,2.4e-17,1.6e-15,0.745,0.745
trimmed,3,1,2,384,604,1.1e-16,4.4e-16,1.800,1.800
trimmed,3,2,2,384,2936,1.1e-16,6.7e-16,0.810,0.810
