space,D,r,cells_per_side,dofs,err_L2,rate_L2,err_curl,rate_curl,expected_rate_L2,expected_rate_curl,sorted_vs_scrambled
full,2,1,32,6272,9.36e-04,2.0,1.03e-01,1.0,2,1,6.1e-13
full,2,2,32,15552,9.48e-06,3.0,1.95e-03,2.0,3,2,1.7e-12
full,2,3,32,28928,9.44e-08,4.0,2.71e-05,3.0,4,3,3.6e-12
trimmed,2,1,32,3136,2.00e-02,1.0,1.03e-01,1.0,1,1,2.2e-13
trimmed,2,2,32,10368,2.80e-04,2.0,1.95e-03,2.0,2,2,1.3e-12
trimmed,2,3,32,21696,3.06e-06,3.0,2.71e-05,3.0,3,3,3.9e-12
full,3,1,8,8368,1.89e-02,1.85,4.81e-01,0.94,2,1,1.4e-13
full,3,2,8,32136,7.72e-04,2.94,4.44e-02,1.93,3,2,3.4e-13
trimmed,3,1,8,4184,7.90e-02,0.95,4.81e-01,0.94,1,1,6.9e-14
trimmed,3,2,8,21424,5.71e-03,1.95,4.44e-02,1.93,2,2,1.6e-13
